<?xml version="1.0" encoding="UTF-8"?>
<!DOCTYPE hibernate-configuration PUBLIC
        "-//Hibernate/Hibernate Configuration DTD 5.3//EN"
        "http://hibernate.org/dtd/hibernate-configuration-5.3.dtd">
<hibernate-configuration>
    <session-factory>
        <!-- ✅ Database Configuration -->
        <property name="hibernate.connection.driver_class">com.mysql.cj.jdbc.Driver</property>
        <property name="hibernate.connection.url">
            jdbc:mysql://localhost:3306/student_portal?useSSL=false&amp;allowPublicKeyRetrieval=true&amp;serverTimezone=UTC
        </property>
        <property name="hibernate.connection.username">root</property>
        <property name="hibernate.connection.password">root</property>

        <!-- ✅ Hibernate Settings -->
        <property name="hibernate.dialect">org.hibernate.dialect.MySQLDialect</property>
        <property name="hibernate.hbm2ddl.auto">update</property>
        <property name="hibernate.show_sql">true</property>
        <property name="hibernate.format_sql">true</property>

        <!-- ✅ Entity Mapping -->
        <mapping class="com.studentportal.model.Student"/>
    </session-factory>
</hibernate-configuration>
